company_id,name,sector,hiring_freeze_score,exec_departure_rate,news_negativity,review_sentiment,engagement_signals,client_churn,delays,collapsed
C0001,Cobalt Networks,Fintech,0.0086,0.0000,0.3278,0.6274,0.8551,0.0631,0.0468,0
C0002,Vega Digital,Fintech,0.2625,0.0818,0.3566,0.0701,0.4621,0.0891,0.2511,0
C0003,Rudra Systems,Retail Tech,0.5957,0.1852,0.6583,0.4557,0.5430,0.0349,0.2058,0
C0004,Rudra Analytics,EdTech,0.1434,0.0000,0.0660,0.5879,0.4966,0.2344,0.0408,0
C0005,Sutra Networks,SaaS,0.6795,0.2079,0.4307,-0.1227,0.9624,0.0000,0.1849,0
C0006,Indus Analytics,Retail Tech,0.3295,0.3032,0.3057,0.5561,0.6038,0.0518,0.0777,0
C0007,Indus Systems,Fintech,0.5245,0.3112,0.5683,-0.4930,0.3542,0.2998,0.6717,0
C0008,Kaveri Works,Retail Tech,0.0022,0.2264,0.2755,0.3420,0.6827,0.0000,0.0803,0
C0009,Ember Labs,Fintech,0.3956,0.3258,0.1493,0.5108,0.6855,0.2519,0.0000,0
C0010,Yama Labs,Mobility,0.0000,0.0164,0.2837,0.5210,0.5722,0.0986,0.0000,0
C0011,Gala Labs,EdTech,0.1785,0.0000,0.3873,0.2261,0.6895,0.1875,0.0000,0
C0012,Orbit Digital,Retail Tech,0.3840,0.2594,0.5872,-0.7077,0.3659,0.3993,0.1829,1
C0013,Yama Systems,Logistics,0.2487,0.0089,0.2072,0.1355,0.5564,0.1119,0.0280,0
C0014,Sutra Labs,Fintech,0.6942,0.4805,0.6466,-0.2326,0.2133,0.3131,0.6358,1
C0015,Yama Technologies,SaaS,0.2093,0.1309,0.3977,0.4317,0.6377,0.0332,0.1369,0
C0016,Aster Digital,Fintech,0.3469,0.1027,0.3999,-0.1986,0.5850,0.0991,0.0928,0
C0017,Orbit Works,D2C,0.4167,0.4016,0.3704,-0.0697,0.4574,0.3190,0.1957,1
C0018,Umbra Technologies,D2C,0.2372,0.1282,0.4812,0.3090,0.5203,0.0580,0.4129,1
C0019,Xenon Systems,Fintech,0.3221,0.3681,0.3257,-0.1315,0.5161,0.3785,0.3334,1
C0020,Wick Technologies,Mobility,0.3956,0.1067,0.1960,0.2540,0.7737,0.3081,0.5409,0
C0021,Zephyr Labs,Retail Tech,0.7538,0.2907,0.3325,-0.1909,0.3717,0.0839,0.2297,1
C0022,Quanta Digital,Fintech,0.1933,0.0941,0.5270,0.4295,0.7132,0.1682,0.1519,0
C0023,Indus Networks,Mobility,0.2359,0.0000,0.3085,0.3281,0.8289,0.0000,0.0619,0
C0024,Meru Labs,SaaS,0.6143,0.2784,0.6554,0.2260,0.3572,0.3526,0.6709,0
C0025,Umbra Systems,Logistics,0.7031,0.5087,0.6172,-0.4692,0.0394,0.3390,0.4555,1
C0026,Quanta Systems,SaaS,0.9722,0.5294,0.5165,-0.4811,0.1520,0.2856,0.3436,1
C0027,Ember Systems,Fintech,0.4790,0.4042,0.4253,0.0005,0.2151,0.1830,0.3553,1
C0028,Wick Works,Retail Tech,0.4461,0.3819,0.7845,-0.4990,0.2622,0.2932,0.5435,1
C0029,Aster Networks,EdTech,0.7222,0.4026,0.6011,-0.4589,0.6062,0.1849,0.2093,1
C0030,Bodhi Networks,Retail Tech,0.3135,0.5206,0.2570,-0.2089,0.3962,0.2614,0.3986,1
C0031,Zephyr Analytics,SaaS,0.2764,0.4447,0.4606,-0.5298,0.2096,0.3886,0.1607,0
C0032,Fjord Ventures,Logistics,0.6390,0.3583,0.4021,-0.0500,0.3526,0.2877,0.4741,1
C0033,Sutra Systems,EdTech,0.5259,0.1653,0.4164,-0.0573,0.2947,0.5572,0.2861,1
C0034,Sutra Ventures,Logistics,0.3180,0.1538,0.5456,0.3535,0.4572,0.0775,0.2141,0
C0035,Wick Ventures,D2C,0.6320,0.2071,0.0000,0.2371,0.6546,0.2176,0.3507,0
C0036,Yama Analytics,SaaS,0.1788,0.2222,0.0400,0.0275,0.5525,0.0437,0.0000,0
C0037,Delta Networks,Logistics,0.1640,0.2251,0.1204,0.1032,0.7319,0.0529,0.2559,0
C0038,Quanta Analytics,Retail Tech,0.5403,0.3054,0.9901,-0.2952,0.4941,0.3915,0.5127,1
C0039,Orbit Ventures,Mobility,0.5468,0.4288,0.5124,-0.2877,0.4938,0.1649,0.4969,1
C0040,Yama Digital,HealthTech,0.1728,0.1242,0.1955,0.0966,0.3735,0.3305,0.4526,0
C0041,Helix Technologies,EdTech,0.0311,0.0902,0.2037,0.4893,0.5333,0.0730,0.1306,0
C0042,Vega Networks,D2C,0.1665,0.1232,0.4828,0.5076,0.5386,0.1580,0.1268,0
C0043,Xenon Ventures,EdTech,0.5621,0.1455,0.3437,-0.0966,0.5679,0.2567,0.2205,1
C0044,Orbit Networks,Logistics,0.5543,0.2009,0.4346,0.0416,0.5657,0.1588,0.3387,1
C0045,Kaveri Digital,HealthTech,0.2545,0.1200,0.6757,0.3543,0.4711,0.1246,0.6418,1
C0046,Prism Systems,Fintech,0.6602,0.2825,0.4146,-0.4003,0.5898,0.3188,0.4248,1
C0047,Juno Works,Mobility,0.6000,0.1785,0.1798,0.1339,0.4810,0.1974,0.4030,1
C0048,Delta Technologies,Mobility,0.0867,0.1567,0.0380,0.4988,0.5673,0.0322,0.3793,0
C0049,Quanta Ventures,Mobility,0.0068,0.2142,0.0398,0.4575,0.9335,0.1354,0.0310,0
C0050,Juno Labs,Retail Tech,0.3373,0.0000,0.2168,0.6571,0.7284,0.1355,0.2496,0
C0051,Quanta Works,EdTech,0.3290,0.3077,0.3801,-0.1183,0.0725,0.1675,0.1134,1
C0052,Bodhi Labs,Fintech,0.5543,0.5002,0.6716,-0.4885,0.3393,0.1787,0.2849,0
C0053,Aster Systems,D2C,0.5408,0.0598,0.2163,0.7437,0.6705,0.1071,0.1573,0
C0054,Cobalt Labs,Fintech,0.2718,0.0805,0.4310,0.6706,0.6221,0.1656,0.1581,0
C0055,Aster Ventures,Mobility,0.6008,0.2590,0.3833,0.0446,0.3068,0.2766,0.4549,1
C0056,Cobalt Analytics,SaaS,0.2413,0.2452,0.1756,0.1571,0.5001,0.2242,0.3928,1
C0057,Juno Technologies,HealthTech,0.0000,0.3007,0.5098,0.4033,0.6989,0.0000,0.1431,0
C0058,Helix Systems,Logistics,0.3290,0.4081,0.4985,0.5883,0.6790,0.1606,0.0771,0
C0059,Prism Analytics,HealthTech,0.2177,0.3107,0.3222,0.3690,0.8008,0.0443,0.3564,0
C0060,Kaveri Networks,EdTech,0.4390,0.4363,0.4038,0.0518,0.7155,0.1742,0.3149,0
C0061,Ember Ventures,Fintech,0.2925,0.1775,0.1294,0.2912,0.8525,0.1717,0.0623,0
C0062,Vega Technologies,Retail Tech,0.8099,0.4796,0.6865,-0.3392,0.1106,0.4523,0.7840,1
C0063,Prism Technologies,Fintech,0.3792,0.4057,0.3550,-0.0413,0.5872,0.2182,0.2815,1
C0064,Indus Digital,EdTech,0.5161,0.3757,0.0000,0.4330,0.6620,0.1963,0.2191,0
C0065,Umbra Works,SaaS,0.3828,0.2098,0.2841,0.1421,0.4587,0.2482,0.3020,0
C0066,Rudra Technologies,Retail Tech,0.6181,0.2817,0.5838,-0.2218,0.4410,0.2810,0.5362,1
C0067,Lumen Networks,Retail Tech,0.3068,0.3448,0.5810,0.0888,0.6502,0.2592,0.2298,0
C0068,Yama Networks,SaaS,0.3270,0.1745,0.3216,-0.1570,0.5195,0.2592,0.2338,0
C0069,Juno Digital,Fintech,0.4007,0.2484,0.2462,0.1683,0.6706,0.0720,0.1436,0
C0070,Delta Labs,SaaS,0.4742,0.2695,0.3797,0.3426,0.6964,0.1727,0.2291,0
C0071,Xenon Networks,HealthTech,0.1927,0.0977,0.6552,0.3633,0.5939,0.2731,0.3784,0
C0072,Umbra Analytics,HealthTech,0.1884,0.2525,0.3473,0.0091,0.6722,0.0182,0.2491,0
C0073,Wick Systems,EdTech,0.0301,0.0000,0.0499,0.1518,0.9258,0.1542,0.1062,0
C0074,Vega Labs,Logistics,0.5154,0.4956,0.6124,-0.4814,0.1995,0.3902,0.4080,1
C0075,Fjord Works,Mobility,0.8232,0.4374,0.6371,0.1212,0.2798,0.3714,0.2574,1
C0076,Zephyr Works,Mobility,0.8243,0.4223,0.6841,-0.3097,0.4660,0.2801,0.4953,1
C0077,Tara Works,SaaS,0.4659,0.3689,0.4870,-0.3372,0.4322,0.3076,0.6415,1
C0078,Indus Works,Logistics,0.1794,0.1459,0.2517,0.1388,0.5637,0.1635,0.0000,0
C0079,Meru Networks,SaaS,0.5558,0.3207,0.5219,-0.0160,0.3700,0.2271,0.2052,0
C0080,Xenon Technologies,EdTech,0.2543,0.2401,0.3771,-0.1758,0.5719,0.2449,0.0712,0
C0081,Orbit Analytics,D2C,0.3310,0.2784,0.3896,0.0369,0.6927,0.0000,0.4909,0
C0082,Yama Works,Mobility,0.6458,0.4806,0.5257,0.2741,0.3223,0.3582,0.3025,1
C0083,Fjord Digital,SaaS,0.7411,0.3100,0.6807,-0.3038,0.1715,0.2345,0.4336,1
C0084,Gala Analytics,Mobility,0.4260,0.3607,0.2432,-0.1984,0.6271,0.1714,0.2332,0
C0085,Helix Networks,Retail Tech,0.2149,0.4118,0.4612,-0.3472,0.7893,0.0252,0.0105,0
C0086,Prism Ventures,HealthTech,0.6877,0.4070,0.3394,-0.2797,0.3376,0.1115,0.2603,1
C0087,Tara Networks,EdTech,0.3282,0.3390,0.0541,-0.2689,0.4012,0.0660,0.2624,1
C0088,Tara Systems,Fintech,0.1718,0.1367,0.1236,0.1835,0.9435,0.0480,0.0000,0
C0089,Helix Labs,HealthTech,0.2167,0.0855,0.0717,-0.0198,0.6470,0.1739,0.2950,0
C0090,Fjord Networks,Retail Tech,0.4585,0.3120,0.3155,-0.1741,0.5537,0.0977,0.2668,1
C0091,Ember Analytics,Logistics,0.0411,0.2256,0.2016,0.1233,0.4662,0.2820,0.2672,0
C0092,Nimbus Ventures,Fintech,0.3515,0.1890,0.1858,0.4555,0.5792,0.1913,0.1884,0
C0093,Rudra Digital,HealthTech,0.3768,0.3637,0.5164,-0.1852,0.4286,0.4226,0.7107,1
C0094,Cobalt Digital,Logistics,0.0000,0.0048,0.3334,0.1830,0.5464,0.0000,0.0805,0
C0095,Prism Networks,D2C,0.4252,0.1804,0.6707,-0.2109,0.3937,0.3782,0.2881,0
C0096,Wick Labs,Mobility,0.1971,0.2977,0.3316,0.0691,0.4429,0.2288,0.3094,0
C0097,Vega Systems,Fintech,0.3529,0.1277,0.3604,0.4751,0.7141,0.2363,0.0000,0
C0098,Tara Technologies,Logistics,0.0662,0.1879,0.1342,0.4635,0.5799,0.0361,0.2792,0
C0099,Bodhi Digital,SaaS,0.0000,0.1322,0.2970,0.6358,0.6401,0.0900,0.1417,0
C0100,Fjord Systems,EdTech,0.5035,0.3422,0.6628,-0.1423,0.6204,0.1568,0.2659,1
C0101,Bodhi Works,Retail Tech,0.1091,0.1216,0.5032,0.1272,0.9949,0.0496,0.2361,0
C0102,Bodhi Ventures,HealthTech,0.6093,0.3276,0.6940,0.3593,0.4202,0.3060,0.3411,0
C0103,Meru Systems,Fintech,0.0434,0.0811,0.4515,0.4661,0.6284,0.1872,0.0739,0
C0104,Aster Technologies,Logistics,0.3202,0.3410,0.4763,0.2941,0.5737,0.2033,0.2926,0
C0105,Wick Analytics,Fintech,0.2788,0.1583,0.2499,0.4173,0.5841,0.0185,0.1730,0
C0106,Vega Works,D2C,0.4296,0.4253,0.1339,-0.2368,0.3968,0.2690,0.1328,0
C0107,Lumen Works,Retail Tech,0.7057,0.5731,0.5207,-0.6332,0.0330,0.2853,0.4374,1
C0108,Lumen Labs,SaaS,0.1233,0.1892,0.0319,0.2636,0.6088,0.1058,0.0000,0
C0109,Indus Technologies,SaaS,0.7883,0.2030,0.4326,-0.1486,0.7905,0.2733,0.3963,0
C0110,Nimbus Technologies,HealthTech,0.2269,0.2095,0.3353,0.0971,0.7056,0.2293,0.5808,0
C0111,Indus Labs,Mobility,0.5926,0.3335,0.4884,-0.6200,0.1381,0.3009,0.5671,1
C0112,Lumen Ventures,Fintech,0.1358,0.0533,0.0521,0.3703,0.6870,0.0430,0.0051,0
C0113,Umbra Labs,Retail Tech,0.7047,0.2790,0.4513,0.1957,0.6062,0.3305,0.0554,0
C0114,Nimbus Networks,EdTech,0.2422,0.1028,0.0392,0.8744,0.7421,0.0000,0.2447,0
C0115,Helix Works,HealthTech,0.0000,0.0000,0.1711,0.5189,0.7760,0.0932,0.0136,0
C0116,Nimbus Labs,SaaS,0.8007,0.4554,0.7745,-0.1443,0.3744,0.4357,0.5011,1
C0117,Kaveri Labs,HealthTech,0.4995,0.1098,0.5803,0.2491,0.7109,0.2759,0.2349,0
C0118,Cobalt Works,EdTech,0.2393,0.1929,0.4301,0.6252,0.8524,0.3047,0.0976,0
C0119,Orbit Technologies,HealthTech,0.7611,0.3426,0.6739,0.0023,0.2003,0.3358,0.3959,1
C0120,Vega Ventures,Mobility,0.5423,0.5052,0.7095,-0.0965,0.4274,0.2869,0.3851,1
C0121,Ember Technologies,Retail Tech,0.4890,0.6737,0.7341,-0.4329,0.2446,0.2632,0.7558,1
C0122,Delta Ventures,EdTech,0.3404,0.1576,0.4873,0.2761,0.6053,0.1783,0.2505,0
C0123,Prism Works,Retail Tech,0.6492,0.3447,0.6421,-0.0288,0.4764,0.4713,0.2125,1
C0124,Rudra Labs,Fintech,0.4526,0.3739,0.4880,0.1529,0.5477,0.1112,0.1469,1
C0125,Tara Digital,D2C,0.3113,0.0647,0.0781,0.3912,0.7985,0.0168,0.3382,0
C0126,Sutra Analytics,D2C,0.2824,0.3720,0.5304,0.4175,0.7506,0.0133,0.2410,0
C0127,Yama Ventures,EdTech,0.2739,0.1871,0.6057,0.4070,0.5123,0.2509,0.4788,0
C0128,Quanta Networks,HealthTech,0.3146,0.0000,0.1538,0.2804,1.0000,0.1998,0.0801,0
C0129,Sutra Works,Retail Tech,0.0000,0.1991,0.4114,0.2454,0.7890,0.0141,0.0893,0
C0130,Helix Analytics,Mobility,0.2537,0.0000,0.2759,0.1031,0.8487,0.0267,0.1558,0
C0131,Zephyr Technologies,Logistics,0.5676,0.5885,0.4723,-0.6374,0.2958,0.3717,0.4998,1
C0132,Tara Analytics,Logistics,0.5693,0.3614,0.7816,-0.1303,0.2994,0.2521,0.5454,1
C0133,Bodhi Analytics,Retail Tech,0.3344,0.1075,0.3599,-0.3135,0.5204,0.2409,0.4021,0
C0134,Kaveri Systems,Logistics,0.4533,0.3301,0.7749,0.0799,0.4413,0.3620,0.4473,1
C0135,Juno Analytics,Mobility,0.5215,0.3033,0.4546,0.4919,0.4912,0.2178,0.3293,0
C0136,Wick Digital,D2C,0.5592,0.5118,0.3503,-0.5385,0.1058,0.3528,0.3727,1
C0137,Quanta Labs,Mobility,0.2903,0.0823,0.4879,0.1731,0.6225,0.3470,0.2436,0
C0138,Lumen Systems,EdTech,0.4333,0.2591,0.2073,0.0571,0.5658,0.1513,0.1646,0
C0139,Kaveri Technologies,EdTech,0.1586,0.1436,0.1050,0.6873,1.0000,0.1052,0.0713,0
C0140,Zephyr Digital,Logistics,0.7388,0.5117,0.4844,-0.1027,0.4070,0.2102,0.2882,1
C0141,Ember Digital,Mobility,0.2888,0.0004,0.0992,0.4105,0.6313,0.0591,0.0000,0
C0142,Gala Systems,D2C,0.2887,0.3330,0.2500,-0.0570,0.4551,0.2361,0.1270,1
C0143,Delta Systems,SaaS,0.7273,0.5978,0.6608,-0.2453,0.3322,0.2475,0.6026,1
C0144,Umbra Networks,SaaS,0.4803,0.2568,0.2591,0.5120,0.2970,0.1646,0.1723,1
C0145,Aster Labs,EdTech,0.3294,0.2487,0.3202,0.0148,0.6820,0.1610,0.4974,1
C0146,Cobalt Systems,Fintech,0.3742,0.2138,0.4785,-0.1312,0.5323,0.0855,0.3292,0
C0147,Delta Analytics,Logistics,0.5274,0.5443,0.9752,-0.0418,0.3150,0.1683,0.2714,1
C0148,Lumen Digital,D2C,0.6350,0.3432,0.3999,0.0569,0.4203,0.2400,0.6258,0
C0149,Gala Digital,EdTech,0.5446,0.1431,0.2136,0.7132,0.6232,0.0958,0.1633,0
C0150,Zephyr Systems,HealthTech,0.1251,0.0343,0.0762,0.7299,0.6299,0.2251,0.2434,0
C0151,Nimbus Digital,HealthTech,0.6077,0.4134,0.6715,-0.8337,0.2844,0.2552,0.5938,1
C0152,Orbit Labs,HealthTech,0.2223,0.1007,0.5933,0.4902,0.4379,0.1279,0.2704,0
C0153,Ember Networks,Retail Tech,0.6123,0.4705,0.5789,-0.5923,0.3355,0.2205,0.2542,1
C0154,Wick Networks,D2C,0.2234,0.1546,0.3281,-0.0219,0.6429,0.1734,0.3740,0
C0155,Meru Technologies,D2C,0.1821,0.1742,0.2955,0.3984,0.8503,0.1331,0.0920,0
C0156,Fjord Technologies,Fintech,0.1107,0.1481,0.3631,0.5695,0.8452,0.0691,0.1853,1
C0157,Zephyr Networks,Mobility,0.1356,0.0355,0.2176,0.6611,0.4863,0.1603,0.0725,0
C0158,Meru Analytics,Retail Tech,0.3374,0.1596,0.6948,0.2366,0.6889,0.1726,0.0000,0
C0159,Aster Works,Fintech,0.3060,0.2416,0.4071,0.1683,0.3434,0.1817,0.0000,0
C0160,Cobalt Technologies,Fintech,0.0945,0.2794,0.3449,0.4282,0.7893,0.1248,0.1280,0
C0161,Vega Analytics,Mobility,0.1826,0.0743,0.4954,0.5409,0.8740,0.0955,0.1956,0
C0162,Cobalt Ventures,Logistics,0.3305,0.0132,0.1044,0.3769,0.5825,0.0476,0.0899,0
C0163,Prism Digital,Retail Tech,0.3398,0.0710,0.2292,0.3728,0.3151,0.1154,0.2957,0
C0164,Nimbus Systems,Mobility,0.6386,0.2319,0.2610,0.2989,0.4958,0.3277,0.3656,0
C0165,Aster Analytics,HealthTech,0.6379,0.4725,0.6019,-0.8387,0.4008,0.2248,0.1132,1
C0166,Rudra Networks,Fintech,0.6349,0.3603,0.7828,-0.2392,0.2490,0.3887,0.1272,1
C0167,Sutra Technologies,SaaS,0.0165,0.0523,0.1435,0.3885,0.7602,0.0141,0.1575,0
C0168,Xenon Labs,D2C,0.1546,0.2207,0.1756,0.3594,0.5309,0.1456,0.3513,0
C0169,Meru Ventures,Retail Tech,0.6040,0.3040,0.0000,0.1075,0.4576,0.2126,0.1967,0
C0170,Bodhi Technologies,Logistics,0.3495,0.2353,0.5695,0.4202,0.6962,0.0419,0.1080,0
C0171,Delta Works,HealthTech,0.2941,0.2831,0.3272,-0.0161,0.4686,0.2749,0.0649,0
C0172,Quanta Technologies,Retail Tech,0.3842,0.2369,0.2281,-0.2302,0.6561,0.0000,0.0641,0
C0173,Helix Ventures,Retail Tech,0.2045,0.1681,0.0950,-0.2288,0.5989,0.1937,0.2419,0
C0174,Rudra Ventures,Fintech,0.6336,0.3025,0.7378,-0.0312,0.1770,0.3272,0.4901,1
C0175,Xenon Analytics,Fintech,0.5595,0.4234,0.8134,-0.0505,0.3208,0.2632,0.4458,1
C0176,Gala Networks,SaaS,0.8740,0.5678,0.5643,-0.1079,0.0000,0.3824,0.3357,1
C0177,Helix Digital,EdTech,0.1692,0.0196,0.3238,0.4162,0.5687,0.0427,0.0684,0
C0178,Prism Labs,Retail Tech,0.0420,0.1318,0.3431,0.5500,0.6604,0.0922,0.1959,0
C0179,Tara Labs,Logistics,0.5968,0.4329,0.5340,-0.2873,0.2983,0.0092,0.0000,1
C0180,Meru Works,Retail Tech,0.1973,0.1868,0.5045,0.5448,0.4419,0.1415,0.1336,0
C0181,Gala Ventures,Logistics,0.3661,0.2353,0.4981,0.0251,0.6919,0.1447,0.3374,0
C0182,Lumen Analytics,Mobility,0.0000,0.0840,0.1381,0.1039,0.6108,0.0925,0.0000,0
C0183,Sutra Digital,SaaS,0.4147,0.1109,0.3679,0.5018,0.4572,0.3618,0.4326,0
C0184,Kaveri Ventures,D2C,0.1830,0.2957,0.1476,0.7528,0.7515,0.2205,0.1506,0
C0185,Orbit Systems,SaaS,0.2528,0.2247,0.4329,-0.0900,0.3410,0.3439,0.3581,0
C0186,Tara Ventures,Mobility,0.3672,0.0712,0.1762,0.4720,0.7603,0.0000,0.1670,0
C0187,Indus Ventures,Mobility,1.0000,0.7224,0.9805,-0.4590,0.0456,0.4087,0.7470,1
C0188,Gala Works,Retail Tech,0.6423,0.1730,0.8055,-0.4443,0.3402,0.2892,0.4599,1
C0189,Meru Digital,Mobility,0.2943,0.2242,0.3969,0.1994,0.4763,0.1854,0.0695,0
C0190,Juno Ventures,D2C,0.7448,0.3606,0.6329,-0.0263,0.2603,0.3187,0.2844,1
C0191,Nimbus Analytics,HealthTech,0.0000,0.1700,0.2110,0.5835,0.5027,0.0807,0.3187,0
C0192,Lumen Technologies,Mobility,0.5991,0.3673,0.6667,-0.2037,0.2468,0.3596,0.6346,1
C0193,Xenon Digital,Mobility,0.3607,0.3927,0.7255,0.0368,0.3736,0.1632,0.4549,0
C0194,Ember Works,D2C,0.0969,0.1571,0.2304,0.3241,0.7215,0.1340,0.0694,0
C0195,Nimbus Works,D2C,0.3600,0.2751,0.4199,0.4746,0.5115,0.2358,0.5507,0
C0196,Juno Systems,Mobility,0.0375,0.2421,0.2065,0.5006,0.9870,0.0975,0.1351,0
C0197,Fjord Analytics,HealthTech,0.0227,0.2913,0.2977,0.7677,0.9104,0.0357,0.0813,0
C0198,Rudra Works,SaaS,0.7970,0.3773,0.6404,-0.6845,0.2361,0.3874,0.3441,1
C0199,Xenon Works,EdTech,0.1346,0.1457,0.2817,0.4912,0.6256,0.1855,0.1279,0
C0200,Gala Technologies,Mobility,0.0745,0.1653,0.3970,0.7006,0.7309,0.1510,0.0000,0
C0201,Umbra Ventures,D2C,0.2791,0.0224,0.2087,0.2710,0.5600,0.3439,0.4619,0
C0202,Bodhi Systems,Retail Tech,0.3040,0.1638,0.3100,0.0047,0.5758,0.4344,0.4841,0
C0203,Kaveri Analytics,D2C,0.4232,0.2617,0.2310,0.2226,0.6653,0.0379,0.2060,0
C0204,Fjord Labs,HealthTech,0.5914,0.3038,0.6169,-0.3817,0.3363,0.2605,0.0957,0
C0205,Juno Networks,EdTech,0.6683,0.1112,0.5040,0.2716,0.8920,0.0928,0.3462,0
C0206,Zephyr Ventures,D2C,0.0722,0.2712,0.3082,0.4214,0.7264,0.1277,0.1395,0
C0207,Umbra Digital,SaaS,0.3242,0.2703,0.4791,-0.0339,0.5661,0.1151,0.0101,0
C0208,Delta Digital,Logistics,0.3471,0.2480,0.1654,0.3137,0.7259,0.2926,0.4002,1
C0209,Nimbus Labs 334,Logistics,0.6611,0.1288,0.1591,0.2227,0.7054,0.3122,0.1343,1
C0210,Tara Labs 451,D2C,0.4502,0.4359,0.6890,0.3654,0.1840,0.3232,0.4118,1
C0211,Sutra Technologies 488,D2C,0.2648,0.0836,0.3765,0.3540,0.5631,0.1031,0.2862,0
C0212,Zephyr Networks 761,Logistics,0.3123,0.0762,0.3179,0.8221,0.6115,0.0813,0.2884,0
C0213,Delta Analytics 798,Logistics,0.2426,0.0000,0.4388,0.7004,0.6130,0.0892,0.0902,0
C0214,Fjord Systems 626,EdTech,0.2889,0.1571,0.2573,0.1698,0.5004,0.1203,0.1255,0
C0215,Prism Labs 801,Mobility,0.2711,0.0927,0.2811,0.8587,0.7021,0.0545,0.1084,0
C0216,Aster Systems 124,Mobility,0.1721,0.0742,0.0273,0.7534,0.7287,0.1379,0.1555,0
C0217,Helix Ventures 547,D2C,0.7082,0.2110,0.3457,0.3372,0.4877,0.2869,0.3447,0
C0218,Gala Works 965,D2C,0.1062,0.0000,0.2242,0.6133,0.7383,0.0935,0.0000,0
C0219,Ember Systems 375,Fintech,0.4048,0.2140,0.1037,0.3497,0.6794,0.1123,0.0642,0
C0220,Zephyr Systems 232,Fintech,0.2401,0.0000,0.2155,0.5103,0.9148,0.0662,0.0675,0
C0221,Indus Ventures 828,D2C,0.3647,0.3789,0.3007,0.5338,0.4009,0.2000,0.0000,0
C0222,Rudra Digital 880,Logistics,0.1937,0.2896,0.2158,0.4089,0.6459,0.0797,0.3935,0
C0223,Orbit Systems 74,HealthTech,1.0000,0.4556,0.6537,-0.4189,0.2147,0.3912,0.5465,1
C0224,Umbra Works 591,Fintech,0.5510,0.1826,0.3981,0.3400,0.6812,0.2904,0.5733,0
C0225,Cobalt Ventures 362,Logistics,0.4695,0.4159,0.5720,-0.4039,0.4331,0.1220,0.2590,1
C0226,Bodhi Networks 563,EdTech,0.1947,0.1003,0.3615,0.0317,0.6855,0.0758,0.1471,0
C0227,Kaveri Works 828,Logistics,0.1803,0.1631,0.1502,0.2968,0.8298,0.0765,0.2978,0
C0228,Lumen Works 795,Fintech,0.2018,0.2552,0.6029,0.2527,0.4179,0.1813,0.3378,0
C0229,Aster Ventures 881,Fintech,0.0730,0.0480,0.3345,0.4541,0.5692,0.0319,0.2135,0
C0230,Bodhi Ventures 62,D2C,0.0854,0.3044,0.4606,0.1603,0.4292,0.0225,0.0786,0
C0231,Quanta Systems 522,HealthTech,0.1916,0.1475,0.2042,0.3843,0.6221,0.2361,0.1418,0
C0232,Cobalt Works 120,EdTech,0.1624,0.1535,0.1432,0.2057,0.6034,0.0000,0.2114,0
C0233,Ember Technologies 519,Fintech,0.3223,0.3450,0.4963,0.1049,0.4962,0.1365,0.1586,0
C0234,Helix Systems 295,EdTech,0.5443,0.3488,0.7221,0.0294,0.3087,0.3562,0.5989,1
C0235,Nimbus Labs 206,Logistics,0.2329,0.2354,0.5170,0.2653,0.7766,0.0377,0.2984,0
C0236,Nimbus Works 547,Mobility,0.1552,0.0000,0.1534,0.0670,0.6878,0.0646,0.1221,0
C0237,Aster Analytics 328,EdTech,0.3361,0.1762,0.1371,0.2866,0.6440,0.2439,0.1908,1
C0238,Cobalt Systems 587,Logistics,0.7511,0.3655,0.5296,-0.3502,0.5754,0.3120,0.6260,1
C0239,Cobalt Networks 193,HealthTech,0.2190,0.1632,0.2814,0.3346,0.9513,0.0000,0.1134,0
C0240,Fjord Labs 709,HealthTech,0.0000,0.1596,0.2322,0.6380,0.6878,0.1210,0.3933,0
C0241,Prism Networks 428,D2C,0.3879,0.2971,0.4555,-0.2335,0.7336,0.1685,0.3514,0
C0242,Xenon Technologies 70,D2C,0.4110,0.3123,0.5648,0.1472,0.4374,0.0690,0.4137,1
C0243,Indus Analytics 284,Logistics,0.2017,0.0000,0.2164,0.4605,0.6237,0.1680,0.0000,0
C0244,Orbit Systems 120,Retail Tech,0.5837,0.3701,0.2502,0.0569,0.4718,0.3128,0.0703,0
C0245,Meru Works 668,Retail Tech,0.6654,0.3437,0.9454,-0.2451,0.5722,0.2901,0.5824,1
C0246,Tara Labs 879,SaaS,0.2681,0.1861,0.2212,0.4089,0.7515,0.0844,0.1731,0
C0247,Cobalt Technologies 728,Retail Tech,0.3575,0.2620,0.0663,0.4386,0.7139,0.1999,0.4622,0
C0248,Orbit Systems 913,SaaS,0.2624,0.2357,0.4165,-0.3380,0.8906,0.1050,0.2211,0
C0249,Juno Networks 775,Mobility,0.5030,0.2899,0.7580,-0.5319,0.5441,0.3051,0.5232,0
C0250,Orbit Digital 769,HealthTech,0.2265,0.1053,0.2017,0.3691,0.8513,0.0642,0.3474,0
C0251,Delta Systems 144,EdTech,0.7583,0.4941,0.6254,-0.7069,0.2525,0.3145,0.1806,1
C0252,Helix Analytics 822,Logistics,0.2284,0.1194,0.1717,0.3306,0.5232,0.0887,0.2767,0
C0253,Cobalt Works 723,EdTech,0.6227,0.3736,0.7342,-0.5207,0.3541,0.4481,0.5529,1
C0254,Yama Technologies 196,HealthTech,0.2756,0.0644,0.3043,0.1875,0.9818,0.0000,0.0000,0
C0255,Zephyr Labs 44,Fintech,0.4923,0.2983,0.3149,0.4003,0.4537,0.0769,0.0632,0
C0256,Tara Digital 458,Logistics,0.4332,0.2241,0.6311,-0.1965,0.5972,0.2323,0.2412,1
C0257,Nimbus Works 449,Retail Tech,0.9060,0.3124,0.6681,-0.3806,0.2903,0.2881,0.4188,1
C0258,Yama Works 277,EdTech,0.2974,0.2780,0.0943,0.2799,0.6718,0.1392,0.1362,0
C0259,Yama Technologies 538,Mobility,0.3755,0.2689,0.4977,-0.1991,0.5338,0.2872,0.3805,0
C0260,Kaveri Networks 319,EdTech,0.6515,0.3183,0.4895,-0.1984,0.4947,0.0907,0.1592,1
C0261,Rudra Technologies 940,Logistics,0.2107,0.2369,0.2964,0.2956,0.4429,0.3014,0.2046,1
C0262,Ember Works 716,HealthTech,0.6470,0.3540,0.8607,-0.1081,0.3977,0.2464,0.0551,1
C0263,Wick Ventures 684,Fintech,0.0592,0.0054,0.1823,-0.1168,0.6636,0.1246,0.0754,0
C0264,Cobalt Technologies 790,HealthTech,0.5877,0.3187,0.3306,-0.2587,0.1930,0.2268,0.3477,1
C0265,Xenon Systems 429,SaaS,0.1365,0.0136,0.1588,0.0868,0.6720,0.1358,0.1918,0
C0266,Vega Technologies 406,Retail Tech,0.4411,0.1622,0.3913,0.0222,0.6720,0.2047,0.0581,0
C0267,Wick Works 80,EdTech,0.4197,0.4012,0.7078,-0.3650,0.4124,0.2491,0.5251,1
C0268,Yama Works 764,Logistics,0.2426,0.0797,0.1379,0.4775,0.7572,0.0000,0.0357,0
C0269,Prism Technologies 758,Retail Tech,0.3914,0.1977,0.4547,0.4688,0.7652,0.1832,0.1524,0
C0270,Meru Works 272,EdTech,0.2552,0.1622,0.1287,0.4179,1.0000,0.2130,0.0963,0
C0271,Umbra Works 992,Logistics,0.3548,0.1778,0.6158,-0.2447,0.5761,0.2303,0.2940,0
C0272,Nimbus Labs 486,Fintech,0.2459,0.1084,0.3830,0.9121,0.4790,0.0648,0.1252,1
C0273,Rudra Digital 583,HealthTech,0.2296,0.2558,0.2114,0.4162,0.7174,0.3046,0.2655,0
C0274,Sutra Analytics 916,Logistics,0.5652,0.5321,0.3618,-0.3165,0.2356,0.0786,0.2719,1
C0275,Xenon Networks 377,Retail Tech,0.4835,0.2034,0.2715,0.1589,0.6600,0.3145,0.2179,1
C0276,Zephyr Systems 924,SaaS,0.3827,0.1855,0.4136,0.0419,0.6940,0.1623,0.3250,0
C0277,Yama Labs 885,SaaS,0.9188,0.4111,0.7182,-0.5572,0.0644,0.3712,0.5447,1
C0278,Quanta Technologies 544,EdTech,0.3545,0.1444,0.4820,-0.1653,0.6744,0.1181,0.4663,1
C0279,Helix Networks 389,Logistics,0.4391,0.3419,0.3483,-0.1250,0.6200,0.0596,0.2571,0
C0280,Meru Technologies 423,Retail Tech,0.1165,0.0000,0.1924,0.5788,0.5559,0.0148,0.0916,0
C0281,Cobalt Networks 506,Logistics,0.3965,0.1816,0.4132,0.3781,0.5780,0.0323,0.2491,0
C0282,Cobalt Works 893,Retail Tech,0.8507,0.5127,0.9835,-0.2615,0.2076,0.2960,0.9799,1
C0283,Lumen Digital 409,Fintech,0.5877,0.3238,0.6124,-0.0576,0.4731,0.2014,0.3930,1
C0284,Orbit Labs 622,SaaS,0.4634,0.1969,0.6483,0.0243,0.5601,0.2579,0.3910,0
C0285,Zephyr Networks 303,EdTech,0.1101,0.0000,0.1785,0.9390,0.6181,0.1231,0.0000,0
C0286,Vega Technologies 97,Mobility,0.1769,0.1212,0.1699,0.1127,0.4293,0.2053,0.1077,0
C0287,Umbra Technologies 84,Retail Tech,0.4516,0.2401,0.4699,0.0624,0.7214,0.0297,0.0000,0
C0288,Gala Networks 209,D2C,0.3086,0.2474,0.3258,0.6834,0.5694,0.1271,0.2794,0
C0289,Helix Analytics 211,Retail Tech,0.8251,0.5635,0.7999,-0.4529,0.1739,0.3740,0.8088,1
C0290,Nimbus Digital 699,Fintech,0.1704,0.0000,0.0000,0.3863,0.9502,0.1502,0.0000,0
C0291,Ember Labs 873,HealthTech,0.5571,0.3857,0.4088,0.1126,0.4813,0.1841,0.3226,0
C0292,Sutra Digital 519,D2C,0.1956,0.0441,0.4789,0.3077,0.6452,0.2099,0.2453,0
C0293,Zephyr Digital 852,Logistics,0.0000,0.1156,0.2897,0.0994,0.7080,0.0825,0.0000,0
C0294,Tara Works 900,Fintech,0.1007,0.1211,0.4017,0.6640,0.6850,0.1524,0.0000,0
C0295,Prism Labs 621,EdTech,0.0000,0.0654,0.1002,0.3502,0.9809,0.1075,0.1309,0
C0296,Aster Labs 45,EdTech,0.0000,0.0000,0.0000,0.8271,0.9371,0.0000,0.2697,0
C0297,Gala Works 540,Logistics,0.3033,0.1140,0.5019,-0.0037,0.7944,0.0000,0.1824,0
C0298,Delta Digital 56,EdTech,0.1759,0.1118,0.2272,0.5980,0.7586,0.0516,0.0713,0
C0299,Kaveri Technologies 888,Retail Tech,0.2113,0.0591,0.0695,0.2271,0.7830,0.2581,0.2335,0
C0300,Helix Digital 948,SaaS,0.3970,0.4349,0.2726,-0.2734,0.6301,0.1661,0.3910,0
C0301,Vega Analytics 421,D2C,0.2901,0.1251,0.2157,0.2927,0.6566,0.0672,0.3137,0
C0302,Tara Technologies 386,EdTech,0.2567,0.1414,0.4771,0.8082,0.9272,0.0913,0.1638,0
C0303,Nimbus Digital 884,SaaS,0.7869,0.2782,0.6883,-0.3745,0.4480,0.3015,0.3891,1
C0304,Delta Analytics 410,Retail Tech,0.2681,0.1427,0.3024,0.4015,0.8704,0.0000,0.3202,0
C0305,Vega Networks 623,Mobility,0.0000,0.0594,0.1165,0.2260,0.7690,0.0789,0.0211,0
C0306,Prism Digital 804,D2C,0.8631,0.5141,0.9312,-0.0548,0.2659,0.3897,0.5250,1
C0307,Vega Labs 647,Retail Tech,0.3917,0.1084,0.2316,0.1283,0.4855,0.2039,0.3039,0
C0308,Fjord Networks 391,Fintech,0.7776,0.3608,0.4617,-0.7358,0.2403,0.2944,0.5874,1
C0309,Juno Labs 908,Mobility,0.3238,0.2908,0.5385,-0.2005,0.5618,0.3526,0.1803,1
C0310,Xenon Networks 368,EdTech,0.2257,0.2727,0.4480,0.3833,0.6573,0.1370,0.3345,0
C0311,Rudra Systems 101,Retail Tech,0.5737,0.1850,0.3637,0.3630,0.4367,0.3313,0.3801,0
C0312,Rudra Digital 214,Mobility,0.5248,0.1404,0.5594,0.0765,0.4604,0.0902,0.2713,1
C0313,Nimbus Systems 250,HealthTech,0.3575,0.3136,0.5537,0.2590,0.7359,0.2086,0.1762,0
C0314,Wick Analytics 574,EdTech,0.7270,0.3573,0.6607,-0.2297,0.1517,0.2651,0.3153,1
C0315,Xenon Systems 892,Logistics,0.6698,0.1829,0.4727,-0.3808,0.4068,0.3302,0.4631,1
C0316,Rudra Systems 275,Logistics,0.2969,0.0872,0.0000,0.3300,0.7104,0.0000,0.3223,0
C0317,Sutra Digital 602,EdTech,0.2917,0.0738,0.4175,0.2362,0.6782,0.0954,0.0675,0
C0318,Quanta Digital 474,Mobility,0.2548,0.3059,0.5112,-0.0950,0.5831,0.1131,0.3199,0
C0319,Cobalt Ventures 22,SaaS,0.2647,0.0736,0.5236,0.3819,0.6067,0.1173,0.1970,0
C0320,Cobalt Ventures 33,HealthTech,0.6191,0.2757,0.5711,-0.0055,0.6599,0.0134,0.3739,0
C0321,Tara Digital 964,EdTech,0.2342,0.1001,0.1763,0.3159,0.7698,0.0719,0.3052,0
C0322,Zephyr Technologies 7,SaaS,0.2908,0.0000,0.3286,0.3278,0.7167,0.0036,0.2866,0
C0323,Umbra Works 900,Retail Tech,0.5165,0.3686,0.3678,0.0660,0.7133,0.1673,0.3897,1
C0324,Bodhi Digital 884,Retail Tech,0.0780,0.0548,0.3722,0.1658,0.7550,0.1505,0.3753,0
C0325,Helix Works 975,Fintech,0.3286,0.3197,0.3096,0.4889,0.5565,0.1135,0.1571,0
C0326,Umbra Ventures 34,D2C,0.2773,0.1271,0.4149,-0.1208,0.4989,0.1707,0.1682,0
C0327,Umbra Labs 409,Mobility,0.5899,0.2699,0.5911,-0.1951,0.3598,0.4661,0.4627,1
C0328,Aster Labs 587,SaaS,0.2090,0.0000,0.3874,0.4601,0.7281,0.0163,0.1669,0
C0329,Fjord Works 263,D2C,0.4587,0.2408,0.5052,-0.4027,0.2890,0.3593,0.5347,0
C0330,Zephyr Networks 70,Mobility,0.2870,0.0683,0.2649,0.3282,0.7607,0.2302,0.2463,0
C0331,Indus Systems 226,EdTech,0.0602,0.0920,0.4610,0.0859,0.4911,0.0000,0.2577,0
C0332,Fjord Systems 583,Fintech,0.8352,0.6621,0.7087,-0.6721,0.0165,0.4596,0.3961,1
C0333,Ember Technologies 223,Mobility,0.0820,0.2025,0.0300,0.7534,0.8660,0.0000,0.0000,0
C0334,Lumen Technologies 380,D2C,0.0480,0.1820,0.6099,0.2991,0.7587,0.1195,0.2008,0
C0335,Meru Digital 311,D2C,0.2727,0.0310,0.2043,-0.0318,0.8930,0.0918,0.4387,0
C0336,Lumen Technologies 758,EdTech,0.6320,0.1614,0.6684,-0.1084,0.3635,0.3285,0.8488,1
C0337,Vega Networks 124,Mobility,0.3560,0.1416,0.1765,0.2873,0.5709,0.0000,0.2926,0
C0338,Zephyr Networks 802,HealthTech,0.6521,0.1868,0.2279,-0.0199,0.8534,0.3622,0.3812,1
C0339,Gala Systems 147,EdTech,0.4369,0.3131,0.9109,0.1744,0.5362,0.2582,0.1485,1
C0340,Aster Works 227,Mobility,0.3804,0.1393,0.5968,0.2982,0.4797,0.0530,0.0526,0
C0341,Prism Works 141,Fintech,0.4933,0.3678,0.5783,-0.5284,0.2436,0.4140,0.3551,1
C0342,Umbra Ventures 188,Logistics,0.6840,0.2439,0.3147,0.0057,0.4002,0.2622,0.5121,1
C0343,Sutra Ventures 142,Mobility,0.6516,0.2771,0.2421,0.3248,0.2112,0.2726,0.5773,1
C0344,Sutra Technologies 900,Mobility,0.5088,0.3591,0.5059,0.1582,0.4185,0.2499,0.1815,1
C0345,Cobalt Systems 742,Logistics,0.5544,0.3501,0.4420,0.1527,0.3125,0.1951,0.7472,1
C0346,Aster Technologies 239,D2C,0.5028,0.2084,0.7143,-0.4520,0.2653,0.2315,0.4247,0
C0347,Ember Networks 11,EdTech,0.2738,0.0108,0.4706,0.4009,0.9380,0.0000,0.0666,0
C0348,Xenon Labs 95,D2C,0.7400,0.4483,0.7325,-0.1033,0.0737,0.4087,0.7134,1
C0349,Orbit Works 815,EdTech,0.2898,0.0000,0.0000,0.3028,0.9598,0.0337,0.0000,0
C0350,Indus Digital 872,Logistics,0.5123,0.3768,0.4565,0.1088,0.1028,0.4059,0.2704,1
C0351,Sutra Systems 156,Retail Tech,0.4893,0.2038,0.1557,0.1852,0.5029,0.1112,0.2113,0
C0352,Delta Ventures 553,EdTech,0.6784,0.6165,0.6219,-0.5095,0.2335,0.5165,0.6122,1
C0353,Prism Works 94,D2C,0.6931,0.4279,0.5286,-0.2090,0.3288,0.3667,0.5926,0
C0354,Nimbus Systems 844,D2C,0.4093,0.1600,0.2949,0.1553,0.7357,0.2534,0.3305,0
C0355,Meru Analytics 506,Mobility,0.0000,0.0703,0.0384,0.0202,0.8261,0.2143,0.0000,0
C0356,Fjord Ventures 335,Logistics,0.3874,0.2887,0.4916,0.1517,0.7842,0.0011,0.1891,1
C0357,Rudra Labs 273,Retail Tech,0.6239,0.4560,0.6455,-0.2920,0.3097,0.4229,0.4641,0
C0358,Xenon Digital 780,Mobility,0.5326,0.2677,0.5659,0.2509,0.4118,0.2612,0.2661,0
C0359,Lumen Systems 310,SaaS,1.0000,0.3333,0.6450,-0.3073,0.2384,0.4843,0.6928,1
C0360,Wick Analytics 244,EdTech,0.4369,0.2993,0.2698,0.2083,0.7329,0.0599,0.2442,0
C0361,Lumen Technologies 721,D2C,0.1336,0.1085,0.1864,0.5334,0.6084,0.0000,0.2371,0
C0362,Lumen Digital 704,D2C,0.4756,0.4145,0.6394,-0.1269,0.3358,0.3591,0.5019,1
C0363,Juno Analytics 598,HealthTech,0.6986,0.2170,0.5478,-0.4891,0.6162,0.2480,0.5415,1
C0364,Xenon Networks 655,SaaS,0.1459,0.2787,0.1678,0.5762,0.8713,0.0604,0.1852,0
C0365,Helix Works 12,Logistics,0.9157,0.4655,0.5918,-0.4568,0.3811,0.3194,0.5520,1
C0366,Juno Analytics 683,Logistics,0.4439,0.2717,0.3612,0.3067,0.4041,0.0941,0.2643,0
C0367,Bodhi Ventures 988,Fintech,0.4668,0.3253,0.5913,-0.2836,0.3072,0.3358,0.5926,1
C0368,Rudra Analytics 141,D2C,0.8274,0.4761,0.5665,-0.2765,0.3786,0.3331,0.6853,1
C0369,Bodhi Technologies 71,EdTech,0.2862,0.2355,0.5136,0.1089,0.3087,0.3332,0.2815,1
C0370,Umbra Networks 178,Mobility,0.2850,0.2275,0.3572,0.3749,0.7800,0.1842,0.0508,0
C0371,Cobalt Digital 509,EdTech,0.7267,0.4925,0.7101,-0.4074,0.3650,0.4065,0.3628,1
C0372,Umbra Ventures 325,Fintech,0.4405,0.0812,0.5699,-0.7838,0.5946,0.2284,0.4031,1
C0373,Helix Analytics 842,Fintech,0.3352,0.3551,0.6383,0.0546,0.5329,0.2671,0.1970,1
C0374,Rudra Digital 256,Retail Tech,0.4477,0.2079,0.3103,-0.1824,0.8206,0.0797,0.2923,0
C0375,Delta Works 742,Logistics,0.3657,0.1979,0.2924,0.3027,0.4234,0.0386,0.3304,0
C0376,Juno Labs 154,Mobility,0.0716,0.1270,0.0000,0.4800,0.8693,0.0364,0.1727,0
C0377,Fjord Networks 927,EdTech,0.7300,0.5310,0.7757,0.1224,0.1690,0.3396,0.4074,1
C0378,Aster Digital 869,Mobility,0.1011,0.1519,0.5143,0.2631,0.6574,0.0000,0.1271,0
C0379,Indus Ventures 169,HealthTech,0.2699,0.1682,0.6588,0.2986,0.5881,0.0308,0.4172,0
C0380,Tara Digital 6,Logistics,0.4784,0.2784,0.3194,-0.2173,0.5499,0.0872,0.3516,1
C0381,Aster Works 80,Logistics,0.2288,0.0579,0.4092,0.6471,0.8815,0.1086,0.1677,0
C0382,Rudra Ventures 805,HealthTech,0.2348,0.1957,0.0226,0.1408,0.4096,0.1978,0.0000,0
C0383,Indus Systems 290,Logistics,0.0910,0.1206,0.2838,0.4353,0.5488,0.0000,0.0000,0
C0384,Kaveri Analytics 254,HealthTech,0.2167,0.3527,0.1955,0.2782,0.9282,0.1402,0.1704,0
C0385,Xenon Labs 223,Fintech,0.7888,0.2084,0.4923,0.0116,0.4352,0.3485,0.2155,0
C0386,Vega Labs 818,Retail Tech,0.3318,0.0354,0.1937,0.5884,0.6939,0.1321,0.0383,0
C0387,Xenon Networks 186,SaaS,0.6886,0.3855,0.4772,-0.0068,0.6212,0.2869,0.2661,0
C0388,Cobalt Analytics 477,SaaS,0.3323,0.1526,0.0002,0.7922,0.6607,0.1000,0.0000,0
C0389,Yama Digital 62,EdTech,0.3591,0.2929,0.5163,0.5704,0.6724,0.3644,0.1862,0
C0390,Fjord Ventures 982,Logistics,0.2780,0.2299,0.2820,-0.0144,0.6174,0.2683,0.0995,0
C0391,Kaveri Digital 322,EdTech,0.6644,0.4447,0.4895,-0.3480,0.4051,0.2649,0.2407,1
C0392,Rudra Technologies 324,EdTech,0.0510,0.0972,0.1457,0.5531,0.8453,0.0185,0.0000,0
C0393,Fjord Digital 364,Fintech,0.7988,0.3781,0.6306,-0.1713,0.2534,0.3097,0.4437,1
C0394,Meru Systems 777,Retail Tech,0.2026,0.0095,0.3430,0.6477,0.4781,0.2728,0.3061,0
C0395,Cobalt Networks 393,SaaS,0.2266,0.1145,0.5595,0.1617,0.6610,0.1892,0.1274,0
C0396,Xenon Networks 472,EdTech,0.1991,0.0765,0.2785,0.4260,0.6028,0.0324,0.2570,0
C0397,Rudra Ventures 765,Logistics,0.5805,0.1347,0.1901,0.2961,0.5872,0.0694,0.4288,0
C0398,Lumen Digital 264,Mobility,0.3110,0.2548,0.1827,0.2649,0.5569,0.1965,0.4531,0
C0399,Wick Works 563,EdTech,0.4215,0.0000,0.2270,0.2371,0.6956,0.1910,0.0000,0
C0400,Vega Analytics 32,Mobility,0.1590,0.0455,0.1256,-0.0414,0.4383,0.1808,0.1154,1
C0401,Tara Labs 117,Retail Tech,0.1650,0.0600,0.2941,0.9079,0.5669,0.0000,0.0000,0
C0402,Xenon Systems 924,Fintech,0.2928,0.1749,0.2462,0.4693,0.6431,0.2349,0.3937,0
C0403,Meru Digital 137,SaaS,0.6761,0.0809,0.2265,0.3365,0.5703,0.1571,0.4053,0
C0404,Tara Digital 666,D2C,0.5931,0.2803,0.5499,0.6552,0.6594,0.3573,0.2395,0
C0405,Fjord Systems 986,Mobility,0.5578,0.2853,0.3835,-0.1852,0.4601,0.2064,0.1455,1
C0406,Meru Labs 32,SaaS,0.3564,0.0549,0.1360,0.5150,0.6270,0.1771,0.0000,0
C0407,Tara Technologies 574,Mobility,0.4386,0.1877,0.2343,0.0180,0.8611,0.0000,0.1109,0
C0408,Prism Ventures 65,Logistics,0.8672,0.3508,0.4076,-0.6000,0.2988,0.3312,0.5849,1
C0409,Helix Systems 886,HealthTech,0.4211,0.1358,0.4984,-0.3834,0.4137,0.1306,0.2600,0
C0410,Fjord Labs 246,HealthTech,0.8634,0.4793,0.4714,-0.2551,0.2811,0.3080,0.4409,1
C0411,Cobalt Works 206,EdTech,0.3979,0.2627,0.2331,0.0753,0.7292,0.1347,0.1377,0
C0412,Nimbus Systems 256,HealthTech,0.1319,0.1064,0.3178,0.1522,0.6347,0.0738,0.1407,0
C0413,Orbit Ventures 584,D2C,0.4476,0.2872,0.3652,-0.0400,0.6791,0.2433,0.0959,0
C0414,Kaveri Digital 391,SaaS,0.2814,0.1286,0.1312,0.1269,0.9274,0.1532,0.0000,0
C0415,Orbit Labs 328,D2C,0.6988,0.3447,0.3655,-0.4296,0.5214,0.2149,0.4661,1
C0416,Ember Networks 581,Mobility,0.9144,0.3170,0.6716,-0.3821,0.3977,0.3719,0.5455,1
C0417,Orbit Ventures 448,Fintech,0.5416,0.0676,0.0812,0.3886,0.5844,0.0877,0.2540,1
C0418,Nimbus Analytics 802,HealthTech,0.1918,0.1453,0.2385,0.1793,0.5772,0.0000,0.2434,1
C0419,Wick Networks 148,Mobility,0.3789,0.0831,0.4866,0.6656,0.6325,0.2272,0.2648,0
C0420,Ember Networks 463,D2C,0.1246,0.1089,0.4469,0.2165,0.5286,0.0590,0.4095,0
C0421,Vega Digital 975,Retail Tech,0.8992,0.4827,0.7705,-0.3329,0.2577,0.2301,0.4029,1
C0422,Aster Networks 420,Logistics,0.4065,0.0246,0.1074,0.7401,0.6170,0.2746,0.2606,0
C0423,Umbra Networks 588,Retail Tech,0.5497,0.4274,0.7967,0.0756,0.2654,0.3711,0.3527,1
C0424,Zephyr Digital 715,Retail Tech,0.6801,0.2795,0.4594,0.1666,0.6677,0.0929,0.4297,0
C0425,Ember Systems 235,D2C,0.3648,0.4073,0.4674,0.2291,0.5066,0.1822,0.2832,1
C0426,Quanta Labs 883,EdTech,0.0222,0.2258,0.4630,0.0360,0.5653,0.0433,0.0808,0
C0427,Nimbus Technologies 624,D2C,0.4449,0.2373,0.7394,-0.1828,0.3221,0.1572,0.2998,0
C0428,Umbra Works 772,EdTech,0.0795,0.1154,0.0003,0.3214,0.7472,0.3368,0.0278,0
C0429,Tara Systems 680,D2C,0.4528,0.0502,0.1555,-0.0640,0.4615,0.1158,0.3693,0
C0430,Vega Works 416,Fintech,0.9378,0.5649,0.9520,-0.6295,0.0000,0.1627,0.5655,1
C0431,Indus Systems 832,SaaS,0.0000,0.1140,0.4199,0.5512,0.7657,0.0179,0.0000,0
C0432,Tara Ventures 366,EdTech,0.9956,0.4960,0.7181,-0.0776,0.1946,0.3819,0.3775,1
C0433,Kaveri Networks 67,EdTech,0.7361,0.2910,0.7793,-0.0286,0.5140,0.1987,0.3934,0
C0434,Fjord Networks 14,Mobility,0.3156,0.1698,0.1787,-0.0825,0.6335,0.1040,0.1231,0
C0435,Gala Networks 591,Fintech,0.8377,0.2626,0.6816,-0.0843,0.4480,0.2225,0.3767,1
C0436,Meru Digital 381,HealthTech,0.6868,0.4295,0.6050,0.1325,0.2222,0.4577,0.3731,1
C0437,Nimbus Networks 764,Logistics,0.0527,0.1113,0.1352,0.4460,0.8953,0.0000,0.1931,0
C0438,Ember Digital 751,Retail Tech,0.2139,0.0411,0.1034,0.2610,0.8701,0.1777,0.2429,0
C0439,Bodhi Works 980,Mobility,0.2375,0.0052,0.3347,0.7222,0.8217,0.0000,0.3259,0
C0440,Bodhi Systems 544,Mobility,0.7457,0.3673,0.7112,-0.1210,0.2132,0.3565,0.5662,1
C0441,Juno Works 124,EdTech,0.5091,0.3657,0.3338,0.0732,0.8717,0.0052,0.1574,0
C0442,Yama Analytics 759,Retail Tech,0.3725,0.1720,0.4424,0.1503,0.3749,0.2167,0.1199,0
C0443,Umbra Technologies 115,Logistics,0.3093,0.1075,0.0000,0.3693,0.6741,0.0000,0.1693,0
C0444,Lumen Labs 847,HealthTech,0.7044,0.1835,0.8133,-0.1789,0.4160,0.2126,0.2487,1
C0445,Helix Analytics 573,Fintech,0.4655,0.4420,0.7707,-0.1783,0.3000,0.2947,0.5150,1
C0446,Nimbus Works 950,Logistics,0.0000,0.1545,0.4410,0.2077,0.6144,0.1263,0.0364,0
C0447,Fjord Ventures 465,SaaS,0.2610,0.2035,0.3315,-0.1616,0.6762,0.2698,0.1465,0
C0448,Bodhi Networks 126,Logistics,0.7086,0.4066,0.7703,-0.2584,0.3886,0.4463,0.6023,1
C0449,Meru Analytics 478,Fintech,0.3233,0.1382,0.0664,0.5237,0.8383,0.1420,0.0949,0
C0450,Kaveri Networks 140,EdTech,0.8621,0.4086,0.3228,-0.6298,0.2204,0.4225,0.4203,1
C0451,Cobalt Ventures 919,Logistics,0.7144,0.4790,0.4073,-0.1273,0.2785,0.2611,0.4276,1
C0452,Ember Labs 889,Mobility,0.2895,0.0943,0.0463,0.7813,0.6890,0.0942,0.0000,0
C0453,Vega Systems 794,Logistics,0.5752,0.1569,0.3093,-0.1597,0.4971,0.1366,0.1960,0
C0454,Tara Digital 512,Fintech,0.5105,0.2619,0.8692,0.1179,0.1929,0.2790,0.2445,1
C0455,Juno Labs 280,Logistics,0.4910,0.0258,0.4219,0.1151,1.0000,0.1415,0.2476,0
C0456,Sutra Analytics 848,Mobility,0.6653,0.3301,0.5508,-0.2992,0.2591,0.3012,0.3856,1
C0457,Ember Ventures 211,EdTech,0.2707,0.3034,0.5522,0.1564,0.8721,0.2356,0.1431,0
C0458,Gala Labs 800,SaaS,0.3450,0.1129,0.2374,0.5708,0.6964,0.0095,0.2395,0
C0459,Yama Analytics 641,Logistics,0.5078,0.4298,0.7138,0.1473,0.2445,0.2415,0.1035,1
C0460,Prism Works 839,Retail Tech,0.1924,0.2363,0.2566,0.4299,0.6747,0.0000,0.1141,0
C0461,Gala Labs 902,Logistics,0.7239,0.2127,0.6897,-0.1560,0.6657,0.2177,0.3243,0
C0462,Aster Works 145,EdTech,0.0220,0.0189,0.4832,0.1044,0.7379,0.1082,0.1025,0
C0463,Vega Ventures 27,Fintech,0.0000,0.0357,0.5988,-0.0436,0.7368,0.0000,0.3426,0
C0464,Cobalt Technologies 129,D2C,0.0870,0.2109,0.3397,0.5885,0.4489,0.1632,0.0000,0
C0465,Meru Ventures 154,EdTech,0.7774,0.5337,0.7512,-0.4938,0.3745,0.3030,0.3252,1
C0466,Lumen Networks 262,HealthTech,0.6304,0.4422,0.7407,-0.4428,0.4067,0.3432,0.6080,1
C0467,Xenon Digital 613,HealthTech,0.0908,0.0000,0.3806,0.3198,0.6095,0.0000,0.0000,0
C0468,Ember Analytics 612,Retail Tech,0.2847,0.0537,0.1812,0.1781,0.7329,0.2911,0.2987,0
C0469,Juno Ventures 850,HealthTech,0.1019,0.0398,0.2870,0.3535,0.5813,0.0000,0.2716,0
C0470,Tara Systems 941,EdTech,0.1910,0.2486,0.2750,0.1817,0.5073,0.1708,0.2179,0
C0471,Helix Digital 906,HealthTech,0.7873,0.2007,0.5228,0.4470,0.5627,0.1245,0.0000,0
C0472,Lumen Works 384,Logistics,0.5041,0.2588,0.3430,-0.1435,0.3855,0.3063,0.5279,1
C0473,Delta Technologies 165,EdTech,0.6757,0.3080,0.4669,-0.4242,0.3820,0.3546,0.6637,1
C0474,Umbra Ventures 108,EdTech,0.7613,0.5594,0.6122,-0.6368,0.5152,0.3934,0.3998,1
C0475,Xenon Systems 224,Retail Tech,0.6082,0.5341,0.3651,0.2231,0.2144,0.3599,0.3409,1
C0476,Lumen Systems 766,EdTech,0.5310,0.3238,0.5981,-0.1197,0.4719,0.1726,0.4634,0
C0477,Delta Works 287,Mobility,0.4661,0.3198,0.4542,0.0984,0.7021,0.3282,0.5732,0
C0478,Aster Analytics 80,Mobility,0.7381,0.1417,0.2368,0.2350,0.4097,0.0872,0.4787,0
C0479,Tara Systems 332,Fintech,0.2880,0.4005,0.3748,0.9074,0.7297,0.0291,0.0000,0
C0480,Xenon Systems 721,Fintech,0.5827,0.0695,0.4563,0.0707,0.5324,0.1253,0.3535,0
C0481,Rudra Technologies 161,SaaS,0.5245,0.1893,0.3458,0.1136,0.6357,0.4094,0.0000,0
C0482,Fjord Networks 493,Mobility,0.3023,0.4630,0.6779,0.1958,0.2826,0.2196,0.4716,1
C0483,Helix Systems 394,EdTech,0.2435,0.2473,0.3601,0.4705,0.7835,0.0000,0.0000,0
C0484,Meru Digital 442,D2C,0.5822,0.2045,0.4689,0.6081,0.3596,0.0690,0.0081,0
C0485,Sutra Ventures 21,Retail Tech,0.3237,0.4171,0.3702,-0.5619,0.4694,0.2191,0.6650,0
C0486,Xenon Works 24,Fintech,0.3953,0.3167,0.6780,0.2730,0.5581,0.1081,0.3329,0
C0487,Delta Analytics 310,Retail Tech,0.3795,0.0726,0.2990,0.8233,0.6247,0.0000,0.0000,0
C0488,Gala Technologies 92,Fintech,0.4352,0.2740,0.2256,0.3540,0.5182,0.0706,0.3903,0
C0489,Yama Digital 855,HealthTech,0.2451,0.1305,0.4545,-0.0318,0.6870,0.0385,0.0725,0
C0490,Aster Ventures 286,D2C,0.1292,0.0000,0.3227,0.3964,0.9603,0.1135,0.0000,0
C0491,Gala Labs 146,HealthTech,0.1675,0.2024,0.1689,0.7957,0.7071,0.2288,0.2921,0
C0492,Rudra Works 840,Retail Tech,0.2424,0.2377,0.0354,0.3595,0.5890,0.0000,0.0000,0
C0493,Vega Ventures 329,D2C,0.1531,0.1502,0.1008,-0.0475,0.5353,0.0080,0.1234,0
C0494,Zephyr Digital 857,Mobility,0.4130,0.3205,0.5942,0.6605,0.7042,0.0618,0.1984,0
C0495,Quanta Digital 18,Mobility,0.1957,0.0502,0.3332,0.4947,0.7876,0.1837,0.0000,0
C0496,Sutra Labs 907,Fintech,0.9830,0.3462,0.7365,0.1200,0.0000,0.5605,0.6147,1
C0497,Meru Analytics 10,Retail Tech,0.3818,0.4455,0.3909,0.4777,0.5571,0.1851,0.2704,0
C0498,Ember Works 238,HealthTech,0.1711,0.3232,0.2266,0.3818,0.4864,0.1527,0.3103,0
C0499,Bodhi Works 407,Logistics,0.0799,0.0000,0.2770,0.7571,0.7010,0.0000,0.0000,0
C0500,Sutra Systems 915,Mobility,0.3297,0.2619,0.3153,0.7136,0.7681,0.0000,0.1410,0
C0501,Xenon Digital 4,D2C,0.5175,0.3046,0.4555,-0.0610,0.3480,0.2170,0.6485,1
C0502,Vega Analytics 106,HealthTech,0.1525,0.0000,0.2434,0.2575,0.5365,0.1247,0.2881,0
C0503,Lumen Ventures 567,SaaS,0.3668,0.4072,0.2819,0.3766,0.5170,0.1743,0.2756,0
C0504,Juno Ventures 733,Mobility,0.0000,0.1989,0.4678,0.3868,0.8362,0.1866,0.4091,0
C0505,Cobalt Networks 238,HealthTech,0.6607,0.3420,0.7870,-0.3756,0.2355,0.1635,0.2874,1
C0506,Zephyr Technologies 726,Fintech,0.3239,0.2193,0.4878,0.1333,0.3279,0.3956,0.1449,0
C0507,Gala Digital 945,D2C,0.8283,0.5008,0.4169,-0.7741,0.3674,0.2582,0.4174,1
C0508,Meru Systems 760,HealthTech,0.4658,0.2617,0.0000,0.4458,0.5153,0.1771,0.4039,1
C0509,Tara Analytics 701,SaaS,0.4227,0.2796,0.4868,0.2751,0.3866,0.1731,0.0788,1
C0510,Kaveri Works 493,Retail Tech,0.2407,0.3029,0.2365,0.0040,0.6610,0.1847,0.3489,1
C0511,Sutra Ventures 215,Logistics,0.3880,0.2366,0.2078,0.2177,0.9137,0.0000,0.2127,0
C0512,Gala Works 556,Fintech,0.1801,0.2428,0.1740,-0.1847,0.7242,0.1457,0.0799,0
C0513,Umbra Digital 71,Logistics,0.5840,0.0771,0.2868,0.3452,0.7093,0.0932,0.2194,0
C0514,Aster Digital 581,Retail Tech,0.3329,0.0494,0.2185,0.4301,0.6034,0.0000,0.2474,0
C0515,Orbit Digital 30,EdTech,0.5172,0.1975,0.5201,0.2354,0.5946,0.2669,0.0258,0
C0516,Kaveri Works 155,SaaS,0.8884,0.5225,0.7673,-0.4609,0.5162,0.3365,0.1874,1
C0517,Indus Ventures 458,EdTech,0.3864,0.3962,0.3464,-0.3226,0.4175,0.2277,0.4702,1
C0518,Cobalt Technologies 617,EdTech,0.3874,0.2744,0.4422,0.0122,0.3577,0.3256,0.1576,1
C0519,Fjord Labs 783,Logistics,0.3816,0.2965,0.2153,0.2810,0.5099,0.1879,0.1707,0
C0520,Prism Ventures 433,SaaS,0.5378,0.3658,0.6776,-0.2593,0.4120,0.3542,0.3471,1
C0521,Umbra Technologies 310,EdTech,0.5347,0.5594,0.1135,-0.4554,0.4471,0.3866,0.4149,0
C0522,Vega Networks 53,EdTech,0.2306,0.1161,0.3724,0.2478,0.6664,0.2040,0.0862,0
C0523,Bodhi Analytics 791,Fintech,0.2421,0.2169,0.2319,-0.0450,0.6724,0.3173,0.2891,0
C0524,Bodhi Technologies 159,SaaS,0.5242,0.1989,0.4138,-0.3195,0.4027,0.4125,0.6269,0
C0525,Bodhi Ventures 644,SaaS,0.1216,0.1955,0.3823,0.1740,0.5875,0.0000,0.0000,0
C0526,Sutra Labs 968,Mobility,0.3010,0.2136,0.2256,0.3746,0.8953,0.0470,0.1394,0
C0527,Ember Labs 874,Fintech,0.2457,0.2930,0.4856,0.3673,0.5758,0.1749,0.0975,0
C0528,Kaveri Technologies 425,Mobility,0.6514,0.4370,0.7786,-0.2009,0.2805,0.3205,0.6893,1
C0529,Nimbus Works 336,EdTech,0.6866,0.3590,0.5460,-0.0398,0.2511,0.4108,0.5352,1
C0530,Sutra Systems 753,HealthTech,0.2467,0.2368,0.3918,0.3138,0.8504,0.1010,0.2777,0
C0531,Lumen Digital 280,HealthTech,0.2196,0.0325,0.0097,0.2037,0.5938,0.3349,0.1638,0
C0532,Kaveri Technologies 418,Fintech,0.1198,0.1460,0.3135,0.8518,0.7852,0.0700,0.0064,0
C0533,Tara Labs 176,Fintech,0.4365,0.3529,0.5120,0.1343,0.4029,0.1657,0.4861,1
C0534,Prism Systems 953,Logistics,0.5015,0.3702,0.4141,-0.1985,0.3424,0.2001,0.2953,1
C0535,Rudra Analytics 17,Fintech,0.2530,0.3370,0.4155,0.0568,0.3461,0.1858,0.0395,0
C0536,Helix Labs 50,EdTech,0.4656,0.1857,0.3918,-0.0870,0.6685,0.2966,0.4989,0
C0537,Nimbus Technologies 784,Fintech,0.1384,0.0784,0.0526,-0.1206,0.9373,0.0000,0.2040,0
C0538,Wick Digital 521,Fintech,0.1432,0.0617,0.1489,0.4368,0.6113,0.2927,0.3252,0
C0539,Zephyr Networks 618,HealthTech,0.0637,0.1692,0.3038,0.6147,0.7190,0.0000,0.0000,0
C0540,Wick Networks 87,EdTech,0.2037,0.0453,0.3082,0.4138,0.5179,0.0000,0.2918,0
C0541,Helix Ventures 41,EdTech,0.1526,0.1103,0.3476,0.3630,0.8188,0.1373,0.2605,0
C0542,Xenon Works 503,Mobility,0.0985,0.0000,0.1827,0.2523,0.4723,0.1355,0.0000,0
C0543,Bodhi Works 91,Fintech,0.4263,0.2813,0.5328,-0.0571,0.5088,0.1383,0.5027,1
C0544,Tara Works 111,Logistics,0.5547,0.1942,0.4177,-0.3044,0.4911,0.2534,0.4573,0
C0545,Kaveri Digital 959,SaaS,0.3253,0.0718,0.2161,0.8646,0.7109,0.0356,0.0000,0
C0546,Ember Digital 657,HealthTech,0.1398,0.3221,0.0623,0.2253,0.7907,0.1092,0.0896,0
C0547,Orbit Analytics 982,Mobility,0.4542,0.2673,0.6034,0.0312,0.5871,0.2799,0.3146,1
C0548,Kaveri Ventures 354,D2C,0.4140,0.2666,0.5636,0.3617,0.4590,0.2475,0.4489,1
C0549,Sutra Ventures 54,EdTech,0.1460,0.1138,0.1167,0.5094,0.9264,0.0217,0.0000,0
C0550,Kaveri Works 178,SaaS,0.4660,0.1339,0.2781,-0.4545,0.5410,0.3404,0.0267,0
C0551,Fjord Systems 65,Mobility,0.5247,0.4650,0.6858,-0.1822,0.3259,0.3668,0.3426,1
C0552,Yama Labs 446,Fintech,0.3737,0.1916,0.5059,0.2256,0.5734,0.1323,0.1725,1
C0553,Rudra Ventures 245,HealthTech,0.5514,0.3765,0.3265,-0.2890,0.4932,0.4337,0.5239,1
C0554,Lumen Labs 745,EdTech,0.1060,0.0852,0.4149,0.4244,0.7654,0.0688,0.2977,0
C0555,Zephyr Ventures 97,Logistics,0.3407,0.0722,0.4990,0.3874,0.5061,0.2590,0.4050,1
C0556,Indus Ventures 785,Logistics,0.7056,0.2300,0.4564,-0.0492,0.3652,0.1999,0.3989,1
C0557,Quanta Analytics 945,Fintech,0.3743,0.0632,0.3631,-0.1142,0.7824,0.0837,0.0145,0
C0558,Gala Digital 913,SaaS,0.3541,0.2219,0.4295,0.3383,0.5172,0.1796,0.1830,0
C0559,Umbra Analytics 71,Mobility,0.4962,0.1416,0.4684,0.1896,0.5081,0.4138,0.2160,0
C0560,Wick Technologies 181,EdTech,0.2566,0.0778,0.4412,0.5027,0.8489,0.1100,0.2646,0
C0561,Rudra Networks 845,Logistics,0.5488,0.3612,0.3399,-0.4405,0.5515,0.3461,0.0505,0
C0562,Sutra Analytics 915,D2C,0.4239,0.2419,0.5221,0.4718,0.5925,0.4476,0.5260,1
C0563,Indus Systems 433,Retail Tech,0.2650,0.0985,0.3054,0.1014,0.7077,0.0287,0.2534,0
C0564,Orbit Technologies 363,D2C,0.8121,0.4443,0.8196,0.0746,0.4385,0.3632,0.3241,1
C0565,Vega Systems 486,Mobility,0.2851,0.2957,0.4674,0.5902,0.7060,0.1442,0.0000,0
C0566,Zephyr Technologies 760,Logistics,0.3697,0.1220,0.0000,0.8883,0.9212,0.2307,0.1199,0
C0567,Gala Ventures 403,Logistics,0.7828,0.3423,0.6029,-0.9139,0.1053,0.4240,0.5761,1
C0568,Meru Networks 122,Mobility,0.5043,0.5926,0.9426,-0.7112,0.4099,0.2786,0.4811,1
C0569,Gala Labs 820,Mobility,0.7408,0.4060,0.2272,-0.5347,0.7260,0.2569,0.2348,1
C0570,Rudra Labs 35,Retail Tech,0.2990,0.0949,0.2097,-0.0857,0.5790,0.2503,0.2112,0
C0571,Xenon Labs 803,HealthTech,0.3545,0.1021,0.1268,0.4292,0.6433,0.0780,0.1993,0
C0572,Zephyr Networks 401,Logistics,0.6182,0.2775,0.4897,-0.5818,0.7913,0.1509,0.4961,0
C0573,Prism Ventures 174,SaaS,0.5065,0.1713,0.3274,0.6592,0.5641,0.1253,0.0882,0
C0574,Juno Technologies 94,Retail Tech,0.4030,0.0000,0.0888,0.2595,0.7385,0.1554,0.0260,0
C0575,Delta Works 309,Mobility,0.6226,0.1401,0.6279,-0.2227,0.4238,0.3259,0.2292,1
C0576,Sutra Labs 631,Mobility,0.3092,0.0782,0.2846,0.0616,0.6994,0.0546,0.1873,1
C0577,Indus Technologies 610,EdTech,0.2426,0.0812,0.5899,0.2925,0.5861,0.0480,0.2787,0
C0578,Lumen Analytics 230,Logistics,0.2502,0.3413,0.3248,-0.0864,0.6543,0.0767,0.2400,0
C0579,Vega Systems 192,HealthTech,0.6331,0.2233,0.6087,-0.1044,0.2782,0.3015,0.5231,1
C0580,Juno Ventures 866,HealthTech,0.3489,0.1805,0.1705,0.0811,0.6308,0.2162,0.2739,0
C0581,Cobalt Labs 132,HealthTech,0.4561,0.1644,0.2976,-0.0074,0.3913,0.2722,0.3922,0
C0582,Nimbus Ventures 447,HealthTech,0.3095,0.1527,0.3204,0.1736,0.6358,0.2180,0.0386,1
C0583,Wick Networks 682,D2C,0.6782,0.3849,0.5180,-0.6522,0.5851,0.2683,0.3781,1
C0584,Xenon Analytics 455,Fintech,0.3538,0.2531,0.5043,-0.2278,0.4186,0.1272,0.3699,0
C0585,Zephyr Labs 219,D2C,0.5009,0.1908,0.0592,0.3102,0.5385,0.1088,0.1601,0
C0586,Aster Works 898,SaaS,0.0766,0.0000,0.1760,0.4225,0.7703,0.1569,0.2524,0
C0587,Wick Works 616,Mobility,0.5449,0.3867,0.8968,-0.5242,0.1576,0.2650,0.4796,1
C0588,Ember Networks 897,Logistics,0.3319,0.3090,0.6355,-0.4372,0.1741,0.1320,0.5205,1
C0589,Tara Analytics 930,Fintech,0.5801,0.3748,0.5278,0.0892,0.4273,0.3636,0.1864,1
C0590,Lumen Networks 47,Fintech,0.6888,0.5393,0.7332,-0.4332,0.1016,0.4400,0.6066,1
C0591,Fjord Networks 350,EdTech,0.1283,0.2506,0.3346,0.2812,0.7820,0.0501,0.1575,0
C0592,Rudra Analytics 526,Logistics,0.2650,0.2764,0.4297,0.2944,0.4498,0.2784,0.1654,0
C0593,Quanta Systems 202,D2C,0.7694,0.3295,0.6381,-0.4070,0.3466,0.3066,0.6482,1
C0594,Yama Systems 407,EdTech,0.1044,0.1593,0.3642,0.5792,0.5854,0.0424,0.1054,0
C0595,Xenon Ventures 835,Mobility,0.9060,0.5211,0.6608,-0.2947,0.2976,0.3308,0.3973,1
C0596,Orbit Labs 228,Mobility,0.4970,0.3331,0.4436,-0.6598,0.4635,0.2365,0.3026,0
C0597,Gala Technologies 671,Retail Tech,0.4597,0.2313,0.6092,-0.1150,0.5265,0.1702,0.5246,0
C0598,Prism Systems 502,Mobility,0.5649,0.3734,0.4712,-0.2527,0.4307,0.2379,0.7355,1
C0599,Cobalt Labs 886,Mobility,0.3693,0.0939,0.4240,0.6242,0.6819,0.1918,0.0686,0
C0600,Fjord Analytics 480,SaaS,0.6579,0.5920,0.7664,-0.7004,0.3662,0.3447,0.5967,1
